85024,6.99
15003-Clear,8.99
15003-Smoke,8.99
15003-Orange,8.99
15003-Green,8.99
15005-Clear,8.99
15005-Smoke,8.99
15005-Red,8.99
15005-Green,8.99
15005-Blue,8.99
15005-Purple,8.99
15005-Yellow,8.99
15005-Pink,8.99
85035,6.99
85037,6.99
85038,6.99
85040,5.99
85041,7.99
63002,7.05
30005,9.99
85047,7.99
85049,8.99
85050,8.99
66000-30ml Bottle,8.99
66001-30ml Bottle,8.99
66002-30ml Bottle,8.99
21000-50ml-0mg - No Nicotine,13.99
21000-50ml-3mg - Ultra Lights,13.99
21000-50ml-6mg - Ultra Lights,13.99
21000-50ml-11mg - Lights,13.99
21000-50ml-18mg - Regular,13.99
21000-50ml-24mg - Strong,13.99
21001-50ml-0mg - No Nicotine,13.99
21001-50ml-3mg - Ultra Lights,13.99
21001-50ml-6mg - Ultra Lights,13.99
21001-50ml-11mg - Lights,13.99
21001-50ml-18mg - Regular,13.99
21001-50ml-24mg - Strong,13.99
21002-50ml-0mg - No Nicotine,13.99
21002-50ml-3mg - Ultra Lights,13.99
21002-50ml-6mg - Ultra Lights,13.99
21002-50ml-11mg - Lights,13.99
21002-50ml-18mg - Regular,13.99
21002-50ml-24mg - Strong,13.99
21003-50ml-0mg - No Nicotine,13.99
21003-50ml-3mg - Ultra Lights,13.99
21003-50ml-6mg - Ultra Lights,13.99
21003-50ml-11mg - Lights,13.99
21003-50ml-18mg - Regular,13.99
21003-50ml-24mg - Strong,13.99
21005-50ml-0mg - No Nicotine,13.99
21005-50ml-3mg - Ultra Lights,13.99
21005-50ml-6mg - Ultra Lights,13.99
21005-50ml-11mg - Lights,13.99
21005-50ml-18mg - Regular,13.99
21005-50ml-24mg - Strong,13.99
21006-50ml-0mg - No Nicotine,13.99
21006-50ml-3mg - Ultra Lights,13.99
21006-50ml-6mg - Ultra Lights,13.99
21006-50ml-11mg - Lights,13.99
21006-50ml-18mg - Regular,13.99
21006-50ml-24mg - Strong,13.99
21007-50ml-0mg - No Nicotine,13.99
21007-50ml-3mg - Ultra Lights,13.99
21007-50ml-6mg - Ultra Lights,13.99
21007-50ml-11mg - Lights,13.99
21007-50ml-18mg - Regular,13.99
21007-50ml-24mg - Strong,13.99
21009-50ml-0mg - No Nicotine,13.99
21009-50ml-3mg - Ultra Lights,13.99
21009-50ml-6mg - Ultra Lights,13.99
21009-50ml-11mg - Lights,13.99
21009-50ml-18mg - Regular,13.99
21009-50ml-24mg - Strong,13.99
21010-50ml-0mg - No Nicotine,13.99
21010-50ml-3mg - Ultra Lights,13.99
21010-50ml-6mg - Ultra Lights,13.99
21010-50ml-11mg - Lights,13.99
21010-50ml-18mg - Regular,13.99
21010-50ml-24mg - Strong,13.99
21008-50ml-0mg - No Nicotine,13.99
21008-50ml-3mg - Ultra Lights,13.99
21008-50ml-11mg - Lights,13.99
21008-50ml-18mg - Regular,13.99
21008-50ml-24mg - Strong,13.99
21011-50ml-0mg - No Nicotine,13.99
21011-50ml-3mg - Ultra Lights,13.99
21011-50ml-6mg - Ultra Lights,13.99
21011-50ml-11mg - Lights,13.99
21011-50ml-18mg - Regular,13.99
21011-50ml-24mg - Strong,13.99
21012-50ml-0mg - No Nicotine,13.99
21012-50ml-3mg - Ultra Lights,13.99
21012-50ml-6mg - Ultra Lights,13.99
21012-50ml-11mg - Lights,13.99
21012-50ml-18mg - Regular,13.99
21012-50ml-24mg - Strong,13.99
21013-50ml-0mg - No Nicotine,13.99
21013-50ml-3mg - Ultra Lights,13.99
21013-50ml-6mg - Ultra Lights,13.99
21013-50ml-11mg - Lights,13.99
21013-50ml-18mg - Regular,13.99
21013-50ml-24mg - Strong,13.99
21014-50ml-0mg - No Nicotine,13.99
21014-50ml-3mg - Ultra Lights,13.99
21014-50ml-6mg - Ultra Lights,13.99
21014-50ml-11mg - Lights,13.99
21014-50ml-18mg - Regular,13.99
21014-50ml-24mg - Strong,13.99
21015-50ml-0mg - No Nicotine,13.99
21015-50ml-3mg - Ultra Lights,13.99
21015-50ml-6mg - Ultra Lights,13.99
21015-50ml-11mg - Lights,13.99
21015-50ml-18mg - Regular,13.99
21015-50ml-24mg - Strong,13.99
21016-50ml-0mg - No Nicotine,13.99
21016-50ml-3mg - Ultra Lights,13.99
21016-50ml-6mg - Ultra Lights,13.99
21016-50ml-11mg - Lights,13.99
21016-50ml-18mg - Regular,13.99
21016-50ml-24mg - Strong,13.99
21018-50ml-0mg - No Nicotine,13.99
21018-50ml-3mg - Ultra Lights,13.99
21018-50ml-6mg - Ultra Lights,13.99
21018-50ml-11mg - Lights,13.99
21018-50ml-18mg - Regular,13.99
21018-50ml-24mg - Strong,13.99
21020-50ml-0mg - No Nicotine,13.99
21020-50ml-3mg - Ultra Lights,13.99
21020-50ml-6mg - Ultra Lights,13.99
21020-50ml-11mg - Lights,13.99
21020-50ml-18mg - Regular,13.99
21020-50ml-24mg - Strong,13.99
21021-50ml-0mg - No Nicotine,13.99
21021-50ml-3mg - Ultra Lights,13.99
21021-50ml-6mg - Ultra Lights,13.99
21021-50ml-11mg - Lights,13.99
21021-50ml-18mg - Regular,13.99
21021-50ml-24mg - Strong,13.99
21022-50ml-0mg - No Nicotine,13.99
21022-50ml-3mg - Ultra Lights,13.99
21022-50ml-6mg - Ultra Lights,13.99
21022-50ml-11mg - Lights,13.99
21022-50ml-18mg - Regular,13.99
21022-50ml-24mg - Strong,13.99
21023-50ml-0mg - No Nicotine,13.99
21023-50ml-3mg - Ultra Lights,13.99
21023-50ml-6mg - Ultra Lights,13.99
21023-50ml-11mg - Lights,13.99
21023-50ml-18mg - Regular,13.99
21023-50ml-24mg - Strong,13.99
21024-50ml-0mg - No Nicotine,13.99
21024-50ml-3mg - Ultra Lights,13.99
21024-50ml-6mg - Ultra Lights,13.99
21024-50ml-11mg - Lights,13.99
21024-50ml-18mg - Regular,13.99
21024-50ml-24mg - Strong,13.99
21025-50ml-0mg - No Nicotine,13.99
21025-50ml-3mg - Ultra Lights,13.99
21025-50ml-6mg - Ultra Lights,13.99
21025-50ml-11mg - Lights,13.99
21025-50ml-18mg - Regular,13.99
21025-50ml-24mg - Strong,13.99
21026-50ml-0mg - No Nicotine,13.99
21026-50ml-3mg - Ultra Lights,13.99
21026-50ml-6mg - Ultra Lights,13.99
21026-50ml-11mg - Lights,13.99
21026-50ml-18mg - Regular,13.99
21026-50ml-24mg - Strong,13.99
21027-50ml-0mg - No Nicotine,13.99
21027-50ml-3mg - Ultra Lights,13.99
21027-50ml-6mg - Ultra Lights,13.99
21027-50ml-11mg - Lights,13.99
21027-50ml-18mg - Regular,13.99
21027-50ml-24mg - Strong,13.99
21028-50ml-0mg - No Nicotine,13.99
21028-50ml-3mg - Ultra Lights,13.99
21028-50ml-6mg - Ultra Lights,13.99
21028-50ml-11mg - Lights,13.99
21028-50ml-18mg - Regular,13.99
21028-50ml-24mg - Strong,13.99
21029-50ml-0mg - No Nicotine,13.99
21029-50ml-3mg - Ultra Lights,13.99
21029-50ml-6mg - Ultra Lights,13.99
21029-50ml-11mg - Lights,13.99
21029-50ml-18mg - Regular,13.99
21029-50ml-24mg - Strong,13.99
21031-50ml-0mg - No Nicotine,13.99
21031-50ml-3mg - Ultra Lights,13.99
21031-50ml-6mg - Ultra Lights,13.99
21031-50ml-11mg - Lights,13.99
21031-50ml-18mg - Regular,13.99
21031-50ml-24mg - Strong,13.99
21033-50ml-0mg - No Nicotine,13.99
21033-50ml-3mg - Ultra Lights,13.99
21033-50ml-6mg - Ultra Lights,13.99
21033-50ml-11mg - Lights,13.99
21033-50ml-18mg - Regular,13.99
21033-50ml-24mg - Strong,13.99
21034-50ml-0mg - No Nicotine,13.99
21034-50ml-3mg - Ultra Lights,13.99
21034-50ml-6mg - Ultra Lights,13.99
21034-50ml-11mg - Lights,13.99
21034-50ml-18mg - Regular,13.99
21034-50ml-24mg - Strong,13.99
21035-50ml-0mg - No Nicotine,13.99
21035-50ml-3mg - Ultra Lights,13.99
21035-50ml-6mg - Ultra Lights,13.99
21035-50ml-11mg - Lights,13.99
21035-50ml-18mg - Regular,13.99
21035-50ml-24mg - Strong,13.99
21036-50ml-0mg - No Nicotine,13.99
21036-50ml-3mg - Ultra Lights,13.99
21036-50ml-6mg - Ultra Lights,13.99
21036-50ml-11mg - Lights,13.99
21036-50ml-18mg - Regular,13.99
21036-50ml-24mg - Strong,13.99
22000-50ml-0mg - No Nicotine,13.99
22000-50ml-3mg - Ultra Lights,13.99
22000-50ml-6mg - Ultra Lights,13.99
22000-50ml-11mg - Lights,13.99
22000-50ml-18mg - Regular,13.99
22000-50ml-24mg - Strong,13.99
22001-50ml-0mg - No Nicotine,13.99
22001-50ml-3mg - Ultra Lights,13.99
22001-50ml-6mg - Ultra Lights,13.99
22001-50ml-11mg - Lights,13.99
22001-50ml-18mg - Regular,13.99
22001-50ml-24mg - Strong,13.99
22002-50ml-0mg - No Nicotine,13.99
22002-50ml-3mg - Ultra Lights,13.99
22002-50ml-6mg - Ultra Lights,13.99
22002-50ml-11mg - Lights,13.99
22002-50ml-18mg - Regular,13.99
22002-50ml-24mg - Strong,13.99
22003-50ml-0mg - No Nicotine,13.99
22003-50ml-3mg - Ultra Lights,13.99
22003-50ml-6mg - Ultra Lights,13.99
22003-50ml-11mg - Lights,13.99
22003-50ml-18mg - Regular,13.99
22003-50ml-24mg - Strong,13.99
2204-50ml-0mg - No Nicotine,13.99
2204-50ml-3mg - Ultra Lights,13.99
2204-50ml-6mg - Ultra Lights,13.99
2204-50ml-11mg - Lights,13.99
2204-50ml-18mg - Regular,13.99
2204-50ml-24mg - Strong,13.99
21004-50ml-0mg - No Nicotine,13.99
21004-50ml-3mg - Ultra Lights,13.99
21004-50ml-6mg - Ultra Lights,13.99
21004-50ml-11mg - Lights,13.99
21004-50ml-18mg - Regular,13.99
21004-50ml-24mg - Strong,13.99
21008-50ml-6mg - Ultra Lights,13.99
26002-50ml Bottle-0mg - No Nicotine,13.99
26002-50ml Bottle-3mg - Ultra Lights,13.99
26002-50ml Bottle-6mg - Ultra Lights,13.99
26002-50ml Bottle-11mg - Lights,13.99
26002-50ml Bottle-18mg - Regular,13.99
26002-50ml Bottle-24mg - Strong,13.99
26003-50ml Bottle-0mg - No Nicotine,13.99
26003-50ml Bottle-3mg - Ultra Lights,13.99
26003-50ml Bottle-6mg - Ultra Lights,13.99
26003-50ml Bottle-11mg - Lights,13.99
26003-50ml Bottle-18mg - Regular,13.99
26003-50ml Bottle-24mg - Strong,13.99
26004-50ml Bottle-0mg - No Nicotine,13.99
26004-50ml Bottle-3mg - Ultra Lights,13.99
26004-50ml Bottle-6mg - Ultra Lights,13.99
26004-50ml Bottle-11mg - Lights,13.99
26004-50ml Bottle-18mg - Regular,13.99
26004-50ml Bottle-24mg - Strong,13.99
26005-50ml Bottle-0mg - No Nicotine,13.99
26005-50ml Bottle-3mg - Ultra Lights,13.99
26005-50ml Bottle-6mg - Ultra Lights,13.99
26005-50ml Bottle-11mg - Lights,13.99
26005-50ml Bottle-18mg - Regular,13.99
26005-50ml Bottle-24mg - Strong,13.99
26006-50ml Bottle-0mg - No Nicotine,13.99
26006-50ml Bottle-3mg - Ultra Lights,13.99
26006-50ml Bottle-6mg - Ultra Lights,13.99
26006-50ml Bottle-11mg - Lights,13.99
26006-50ml Bottle-18mg - Regular,13.99
26006-50ml Bottle-24mg - Strong,13.99
26007-50ml Bottle-0mg - No Nicotine,13.99
26007-50ml Bottle-3mg - Ultra Lights,13.99
26007-50ml Bottle-6mg - Ultra Lights,13.99
26007-50ml Bottle-11mg - Lights,13.99
26007-50ml Bottle-18mg - Regular,13.99
26007-50ml Bottle-24mg - Strong,13.99
26008-50ml Bottle-0mg - No Nicotine,13.99
26008-50ml Bottle-3mg - Ultra Lights,13.99
26008-50ml Bottle-6mg - Ultra Lights,13.99
26008-50ml Bottle-11mg - Lights,13.99
26008-50ml Bottle-18mg - Regular,13.99
26008-50ml Bottle-24mg - Strong,13.99
26009-50ml Bottle-0mg - No Nicotine,13.99
