11007-White,23.99
11007-Pink,23.99
11008-Chrome,27.99
11008-Black,27.99
11008-Stainless,27.99
11008-Purple,27.99
11008-Blue,27.99
11008-White,27.99
11008-Pink,27.99
11009-White,32.99
11009-Blue,32.99
11009-Black,32.99
11009-Stainless,32.99
11009-Pink,32.99
11009-Green,32.99
11009-Purple,32.99
11009-Rainbow,32.99
11010-Black,24.99
11010-Stainless,24.99
11010-Pink,24.99
11010-White,24.99
11011-White,29.99
11011-Pink,29.99
11011-Black,29.99
11011-Stainless,29.99
12001-Stainless,54.99
12002-Chrome,84.99
13001-Silver,34.99
13001-Black,34.99
14001,26.99
14002,28.99
14003,22.99
14005,28.99
14006,39.99
14011,26.99
17005,29.99
13002-Satin SS/Polished Brass,48.99
13002-Stainless Steel,48.99
13003-Stainless Steel,46.99
13004,58.99
13005-Brass,48.99
13005-Stainless Steel,48.99
13006,99.99
14012,139.99
12004-Stainless Spiral,46.99
12004-Black Chrome Spiral,46.99
12004-Black Chrome Smooth,46.99
12004-Chrome Spiral,46.99
12004-Chrome Smooth,46.99
14013,26.99
14014,44.99
14015-Machine Finished SS,39.99
14015-Satin SS,39.99
13003-Brass,46.99
8001-Blue,59.99
8001-Yellow,59.99
8001-Pink,59.99
8001-Green,59.99
8001-Purple,59.99
8001-Red,59.99
8001-Black,59.99
8001-Stainless,59.99
13007-Brass,44.99
17006,35.99
13002-Brass,48.99
99998,27.99
8003-Red,64.99
8003-Pink,64.99
8003-Black,64.99
8003-Blue,64.99
8003-Stainless,64.99
8003-Purple,64.99
13007-Stainless,44.99
13008-Brass,48.99
13009-Stainless,48.99
13002-Copper,48.99
13008-SS Machine Finish,48.99
31001,24.99
12004-Stainless Smooth,46.99
13008-Black,97.98
13008-Black/Copper,48.99
13009-Brass,48.99
13002-Black,48.99
10013,34.99
10014-Clear,27.99
13010,59.99
10015-Clear,36.99
14015-Matte Black,39.99
11012-White,32.99
11012-Pink,32.99
11012-Green,32.99
11015-Xfire Dragon Design,39.99
11015-Xfire Skull Design,39.99
11019,20.99
12002-Camo,84.99
85034,55
32001-550ml Bottle-Almond Amaretto,99.99
32001-550ml Bottle-Apple Pie,99.99
32001-550ml Bottle-Baja Blast,99.99
32001-550ml Bottle-Bamz Peppermint Bark,99.99
32001-550ml Bottle-Banana Cream,99.99
32001-550ml Bottle-Banana Cream Pie,99.99
32001-550ml Bottle-Banana Funny Taffy,99.99
32001-550ml Bottle-Banana Nut,99.99
32001-550ml Bottle-Barrel of Root Beer,99.99
32001-550ml Bottle-Bavarian Cream,99.99
32001-550ml Bottle-Black Cherry,99.99
32001-550ml Bottle-Black Coffee,99.99
32001-550ml Bottle-Black Currant,99.99
32001-550ml Bottle-Black Currant Tea,99.99
32001-550ml Bottle-Black Licorice,99.99
32001-550ml Bottle-Black Tea,99.99
32001-550ml Bottle-Blackberry,99.99
32001-550ml Bottle-Blue Bull,99.99
32001-550ml Bottle-Blue Raz War,99.99
32001-550ml Bottle-Blueberry,99.99
32001-550ml Bottle-Blueberry Blast,99.99
32001-550ml Bottle-Blueberry w/Lemon,99.99
32001-550ml Bottle-Brainz,99.99
32001-550ml Bottle-Breaking Ice,99.99
32001-550ml Bottle-Brown Butter Cappuccino,99.99
32001-550ml Bottle-Brown Sugar,99.99
32001-550ml Bottle-Bubble Gum,99.99
32001-550ml Bottle-Butter Brickle,99.99
32001-550ml Bottle-Butter Cream Icing,99.99
32001-550ml Bottle-Butter Rum,99.99
32001-550ml Bottle-Butterfingerz,99.99
32001-550ml Bottle-Butterscotch,99.99
32001-550ml Bottle-Buttery Popcorn,99.99
32001-550ml Bottle-Cafe Cubano,99.99
32001-550ml Bottle-Cappuccino,99.99
32001-550ml Bottle-Caramel Apple,99.99
32001-550ml Bottle-Caramel Candy,99.99
32001-550ml Bottle-Caramel Cappuccino,99.99
32001-550ml Bottle-Caramel Choco Bar,99.99
32001-550ml Bottle-Caramel Cream,99.99
32001-550ml Bottle-Caramel Popcorn,99.99
32001-550ml Bottle-Caramel Treat,99.99
32001-550ml Bottle-Carnival Cotton Candy,99.99
32001-550ml Bottle-Chai Tea,99.99
32001-550ml Bottle-Cheesecake,99.99
32001-550ml Bottle-Cheesecake w/ Graham Crust,99.99
32001-550ml Bottle-Cherry,99.99
32001-550ml Bottle-Cherry Peach Ice,99.99
32001-550ml Bottle-Cherry Sweet n Tarty,99.99
32001-550ml Bottle-Chewie Bear,99.99
32001-550ml Bottle-Chilly Fruit Salad,99.99
32001-550ml Bottle-Chocolate Mint,99.99
32001-550ml Bottle-Cinna Bunn,99.99
32001-550ml Bottle-Cinnamon Churro,99.99
32001-550ml Bottle-Cinnamon Crunchies,99.99
32001-550ml Bottle-Cinnamon Sugar Cookies,99.99
32001-550ml Bottle-Circus Cotton Candy,99.99
32001-550ml Bottle-Cloudy Day Cakes,99.99
32001-550ml Bottle-Coco Chocolate Almond Bar,99.99
32001-550ml Bottle-Coco Roasted Macadamia Nut,99.99
32001-550ml Bottle-Coconut,99.99
32001-550ml Bottle-Coconut Cream Pie,99.99
32001-550ml Bottle-Coconut Orange Delight,99.99
32001-550ml Bottle-Coconut Twist,99.99
32001-550ml Bottle-Code Red,99.99
32001-550ml Bottle-Coffee,99.99
32001-550ml Bottle-Cookie Cappuccino,99.99
32001-550ml Bottle-Cookies and Cream,99.99
32001-550ml Bottle-Cool Menthol,99.99
32001-550ml Bottle-Cool Spring Mist,99.99
32001-550ml Bottle-Cranberry,99.99
32001-550ml Bottle-CranRazz,99.99
32001-550ml Bottle-CranRazz Tart,99.99
32001-550ml Bottle-Crazy Kiwi,99.99
32001-550ml Bottle-Cream De Menthe,99.99
32001-550ml Bottle-Cream Soda,99.99
32001-550ml Bottle-Creamy Vanilla,99.99
32001-550ml Bottle-Cucumber Mint,99.99
32001-550ml Bottle-Cupcake,99.99
32001-550ml Bottle-Doodle Cookie,99.99
32001-550ml Bottle-Double Apple,99.99
32001-550ml Bottle-Double the Mint Gum,99.99
32001-550ml Bottle-Dragon Fruit,99.99
32001-550ml Bottle-Dragons Dream,99.99
32001-550ml Bottle-Dragons Eyes,99.99
32001-550ml Bottle-Dragons Soul,99.99
32001-550ml Bottle-Dragons Tear,99.99
32001-550ml Bottle-Dripper's Delight,99.99
32001-550ml Bottle-Du 2,99.99
32001-550ml Bottle-Du Volt,99.99
32001-550ml Bottle-Elf Juice,99.99
32001-550ml Bottle-English Toffee,99.99
32001-550ml Bottle-Erica's Frap,99.99
32001-550ml Bottle-Fire & Ice,99.99
32001-550ml Bottle-Fluffanutter,99.99
32001-550ml Bottle-Forest Fruit,99.99
32001-550ml Bottle-French Vanilla,99.99
32001-550ml Bottle-French Vanilla Hazelnut Latte,99.99
32001-550ml Bottle-Frenchies,99.99
32001-550ml Bottle-Frosty's Peppermint Coco,99.99
32001-550ml Bottle-Fruit Explosion,99.99
32001-550ml Bottle-Fruit Juice Gum,99.99
32001-550ml Bottle-Fruit Punch,99.99
32001-550ml Bottle-Fruity Gum,99.99
32001-550ml Bottle-Fudge Cappuccino,99.99
32001-550ml Bottle-Grape,99.99
32001-550ml Bottle-Grape Ape,99.99
32001-550ml Bottle-Grape Coolaid,99.99
32001-550ml Bottle-Grape Du ,99.99
32001-550ml Bottle-Grape Jolly Farmer,99.99
32001-550ml Bottle-Grape Sweet n Tarty,99.99
32001-550ml Bottle-Green Apple Jolly Farmer,99.99
32001-550ml Bottle-Green Mint,99.99
32001-550ml Bottle-Guava,99.99
32001-550ml Bottle-Guava Madness,99.99
32001-550ml Bottle-Gummy Fish,99.99
32001-550ml Bottle-Hawaii Punch,99.99
32001-550ml Bottle-Hazelnut Cappuccino,99.99
32001-550ml Bottle-Hazelnut Coffee,99.99
32001-550ml Bottle-Hazelnut Macchiato,99.99
32001-550ml Bottle-Holiday Spice,99.99
32001-550ml Bottle-Honey,99.99
32001-550ml Bottle-Honeydew,99.99
32001-550ml Bottle-Hot Chocolate,99.99
32001-550ml Bottle-Hulkster,99.99
32001-550ml Bottle-Hypnotic Mist,99.99
32001-550ml Bottle-Iced Tea,99.99
32001-550ml Bottle-Icy Extreme,99.99
32001-550ml Bottle-Irish Cream,99.99
32001-550ml Bottle-Itty-Bitty Banana,99.99
32001-550ml Bottle-Jay's Mix,99.99
32001-550ml Bottle-Juicy Peach,99.99
32001-550ml Bottle-Jungle Juice,99.99
32001-550ml Bottle-Kettle Korn,99.99
32001-550ml Bottle-Kalua & Cream,99.99
32001-550ml Bottle-Kiberry Kooler,99.99
32001-550ml Bottle-Kiwi,99.99
32001-550ml Bottle-Lemon,99.99
32001-550ml Bottle-Lemon Tea,99.99
32001-550ml Bottle-Lemonade,99.99
32001-550ml Bottle-Loops of Fruit,99.99
32001-550ml Bottle-Mad Fruit,99.99
32001-550ml Bottle-Mango,99.99
32001-550ml Bottle-Maple Cream,99.99
32001-550ml Bottle-Marshmallow,99.99
32001-550ml Bottle-Melon Medley,99.99
32001-550ml Bottle-Menthol,99.99
32001-550ml Bottle-Merry Berries,99.99
32001-550ml Bottle-Milk Chocolate,99.99
32001-550ml Bottle-Mint Candy,99.99
32001-550ml Bottle-Mrs Claus's Apple Butter,99.99
32001-550ml Bottle-Nectarine,99.99
32001-550ml Bottle-Nutty Fella,99.99
32001-550ml Bottle-Orange Dream Bar,99.99
32001-550ml Bottle-Orange Juice,99.99
32001-550ml Bottle-Orange Mint,99.99
32001-550ml Bottle-Passionate Puff,99.99
32001-550ml Bottle-Peach Tea,99.99
32001-550ml Bottle-Peanut Butter,99.99
32001-550ml Bottle-Peanut Butter Cups,99.99
32001-550ml Bottle-Pear,99.99
32001-550ml Bottle-Peppermint,99.99
32001-550ml Bottle-Peppermint Coffee,99.99
32001-550ml Bottle-Peppermint Mocha,99.99
32001-550ml Bottle-Pie Crust,99.99
32001-550ml Bottle-Pina Coolada,99.99
